iter,T,current_cost,best_cost,feasible_best
1,300.0,2247327.1799999997,2247327.1799999997,1
2,297.0,2121471.2600000002,2121471.2600000002,1
3,294.03,1980583.6800000002,1980583.6800000002,1
4,291.0897,1960495.26,1960495.26,1
5,288.178803,1945052.7199999997,1945052.7199999997,1
6,285.29701497,1945052.7199999997,1945052.7199999997,1
7,282.4440448203,1922115.9,1922115.9,1
8,279.619604372097,1868782.1400000001,1868782.1400000001,1
9,276.82340832837605,1797721.54,1797721.54,1
10,274.0551742450923,1634164.42,1634164.42,1
11,271.3146225026414,1607023.32,1607023.32,1
12,268.60147627761495,1607023.32,1607023.32,1
13,265.9154615148388,1607023.32,1607023.32,1
14,263.2563068996904,1607023.32,1607023.32,1
15,260.6237438306935,1607023.32,1607023.32,1
16,258.01750639238657,1589961.1800000002,1589961.1800000002,1
17,255.4373313284627,1583491.5000000002,1583491.5000000002,1
18,252.88295801517808,1583625.62,1583491.5000000002,1
19,250.3541284350263,1583625.62,1583491.5000000002,1
20,247.85058715067603,1583625.62,1583491.5000000002,1
21,245.37208127916927,1576394.8200000003,1576394.8200000003,1
22,242.91836046637758,1576394.8200000003,1576394.8200000003,1
23,240.4891768617138,1559886.9200000002,1559886.9200000002,1
24,238.08428509309664,1559886.9200000002,1559886.9200000002,1
25,235.70344224216566,1551899.9200000004,1551899.9200000004,1
26,233.346407819744,1547579.7000000002,1547579.7000000002,1
27,231.01294374154656,1547078.0200000003,1547078.0200000003,1
28,228.7028143041311,1499590.1000000003,1499590.1000000003,1
29,226.41578616108978,1492804.4800000004,1492804.4800000004,1
30,224.1516282994789,1492804.4800000004,1492804.4800000004,1
31,221.9101120164841,1492714.8400000005,1492714.8400000005,1
32,219.69101089631926,1492714.8400000005,1492714.8400000005,1
33,217.49410078735607,1492714.8400000005,1492714.8400000005,1
34,215.3191597794825,1492714.8400000005,1492714.8400000005,1
35,213.16596818168767,1492714.8400000005,1492714.8400000005,1
36,211.0343084998708,1492714.8400000005,1492714.8400000005,1
37,208.9239654148721,1492714.8400000005,1492714.8400000005,1
38,206.8347257607234,1492714.8400000005,1492714.8400000005,1
39,204.76637850311616,1492714.8400000005,1492714.8400000005,1
40,202.71871471808498,1492714.8400000005,1492714.8400000005,1
41,200.69152757090413,1492714.8400000005,1492714.8400000005,1
42,198.68461229519508,1492714.8400000005,1492714.8400000005,1
43,196.69776617224312,1492128.5400000005,1492128.5400000005,1
44,194.73078851052068,1492128.5400000005,1492128.5400000005,1
45,192.78348062541548,1492128.5400000005,1492128.5400000005,1
46,190.8556458191613,1490617.3800000004,1490617.3800000004,1
47,188.9470893609697,1490617.3800000004,1490617.3800000004,1
48,187.05761846736,1478440.9000000004,1478440.9000000004,1
49,185.18704228268638,1478440.9000000004,1478440.9000000004,1
50,183.3351718598595,1478341.6600000001,1478341.6600000001,1
51,181.5018201412609,1475022.4600000002,1475022.4600000002,1
52,179.6868019398483,1475022.4600000002,1475022.4600000002,1
53,177.8899339204498,1464187.12,1464187.12,1
54,176.11103458124532,1464187.12,1464187.12,1
55,174.34992423543287,1448425.5,1448425.5,1
56,172.60642499307855,1448425.5,1448425.5,1
57,170.88036074314775,1448425.5,1448425.5,1
58,169.17155713571626,1440299.98,1440299.98,1
59,167.4798415643591,1423540.36,1423540.36,1
60,165.80504314871553,1423540.36,1423540.36,1
61,164.14699271722836,1423540.36,1423540.36,1
62,162.50552279005606,1423540.36,1423540.36,1
63,160.8804675621555,1423540.36,1423540.36,1
64,159.27166288653393,1422558.94,1422558.94,1
65,157.6789462576686,1420364.2999999998,1420364.2999999998,1
66,156.1021567950919,1420364.2999999998,1420364.2999999998,1
67,154.54113522714098,1420364.2999999998,1420364.2999999998,1
68,152.99572387486958,1420364.2999999998,1420364.2999999998,1
69,151.4657666361209,1420364.2999999998,1420364.2999999998,1
70,149.95110896975967,1420364.2999999998,1420364.2999999998,1
71,148.45159788006208,1420364.2999999998,1420364.2999999998,1
72,146.96708190126145,1414752.6,1414752.6,1
73,145.49741108224885,1414752.6,1414752.6,1
74,144.04243697142635,1412369.5599999998,1412369.5599999998,1
75,142.6020126017121,1406813.52,1406813.52,1
76,141.17599247569495,1401348.44,1401348.44,1
77,139.764232550938,1393624.4999999995,1393624.4999999995,1
78,138.3665902254286,1393624.4999999995,1393624.4999999995,1
79,136.98292432317433,1389272.84,1389272.84,1
80,135.61309507994258,1389272.84,1389272.84,1
81,134.25696412914314,1389272.84,1389272.84,1
82,132.91439448785172,1389272.84,1389272.84,1
83,131.5852505429732,1387723.92,1387723.92,1
84,130.26939803754345,1387262.4,1387262.4,1
85,128.96670405716802,1387262.4,1387262.4,1
86,127.67703701659633,1387262.4,1387262.4,1
87,126.40026664643037,1387262.4,1387262.4,1
88,125.13626397996606,1385174.2799999998,1385174.2799999998,1
89,123.8849013401664,1385174.2799999998,1385174.2799999998,1
90,122.64605232676473,1373450.6999999997,1373450.6999999997,1
91,121.41959180349708,1373450.6999999997,1373450.6999999997,1
92,120.20539588546211,1373450.6999999997,1373450.6999999997,1
93,119.00334192660749,1373450.6999999997,1373450.6999999997,1
94,117.81330850734142,1373450.6999999997,1373450.6999999997,1
95,116.635175422268,1373450.6999999997,1373450.6999999997,1
96,115.46882366804533,1363640.88,1363640.88,1
97,114.31413543136487,1363640.88,1363640.88,1
98,113.17099407705122,1363189.8599999999,1363189.8599999999,1
99,112.0392841362807,1362422.0,1362422.0,1
100,110.91889129491788,1362422.0,1362422.0,1
101,109.8097023819687,1362422.0,1362422.0,1
102,108.71160535814901,1359625.2799999998,1359625.2799999998,1
103,107.62448930456752,1359625.2799999998,1359625.2799999998,1
104,106.54824441152184,1359625.2799999998,1359625.2799999998,1
105,105.48276196740662,1359625.2799999998,1359625.2799999998,1
106,104.42793434773255,1359625.2799999998,1359625.2799999998,1
107,103.38365500425522,1359625.2799999998,1359625.2799999998,1
108,102.34981845421267,1359625.2799999998,1359625.2799999998,1
109,101.32632026967053,1359625.2799999998,1359625.2799999998,1
110,100.31305706697383,1359625.2799999998,1359625.2799999998,1
111,99.30992649630409,1359625.2799999998,1359625.2799999998,1
112,98.31682723134105,1359625.2799999998,1359625.2799999998,1
113,97.33365895902764,1359625.2799999998,1359625.2799999998,1
114,96.36032236943737,1358252.42,1358252.42,1
115,95.39671914574299,1358252.42,1358252.42,1
116,94.44275195428555,1358252.42,1358252.42,1
117,93.4983244347427,1355278.9599999997,1355278.9599999997,1
118,92.56334119039528,1355196.5999999996,1355196.5999999996,1
119,91.63770777849132,1355196.5999999996,1355196.5999999996,1
120,90.7213307007064,1355196.5999999996,1355196.5999999996,1
121,89.81411739369933,1355196.5999999996,1355196.5999999996,1
122,88.91597621976234,1355196.5999999996,1355196.5999999996,1
123,88.02681645756472,1355196.5999999996,1355196.5999999996,1
124,87.14654829298907,1355196.5999999996,1355196.5999999996,1
125,86.27508281005917,1355196.5999999996,1355196.5999999996,1
126,85.41233198195859,1355196.5999999996,1355196.5999999996,1
127,84.558208662139,1355196.5999999996,1355196.5999999996,1
128,83.7126265755176,1355196.5999999996,1355196.5999999996,1
129,82.87550030976243,1346730.5799999996,1346730.5799999996,1
130,82.0467453066648,1346730.5799999996,1346730.5799999996,1
131,81.22627785359815,1346730.5799999996,1346730.5799999996,1
132,80.41401507506217,1346730.5799999996,1346730.5799999996,1
133,79.60987492431154,1346730.5799999996,1346730.5799999996,1
134,78.81377617506843,1346730.5799999996,1346730.5799999996,1
135,78.02563841331774,1346730.5799999996,1346730.5799999996,1
136,77.24538202918455,1346730.5799999996,1346730.5799999996,1
137,76.47292820889271,1335243.2199999997,1335243.2199999997,1
138,75.70819892680379,1335243.2199999997,1335243.2199999997,1
139,74.95111693753574,1334383.88,1334383.88,1
140,74.20160576816039,1334383.88,1334383.88,1
141,73.45958971047878,1333374.5799999996,1333374.5799999996,1
142,72.724993813374,1333374.5799999996,1333374.5799999996,1
143,71.99774387524026,1333374.5799999996,1333374.5799999996,1
144,71.27776643648785,1333374.5799999996,1333374.5799999996,1
145,70.56498877212297,1333374.5799999996,1333374.5799999996,1
146,69.85933888440174,1333374.5799999996,1333374.5799999996,1
147,69.16074549555772,1333374.5799999996,1333374.5799999996,1
148,68.46913804060215,1333374.5799999996,1333374.5799999996,1
149,67.78444666019612,1333374.5799999996,1333374.5799999996,1
150,67.10660219359416,1333374.5799999996,1333374.5799999996,1
151,66.43553617165821,1333374.5799999996,1333374.5799999996,1
152,65.77118080994163,1333374.5799999996,1333374.5799999996,1
153,65.1134690018422,1333374.5799999996,1333374.5799999996,1
154,64.46233431182378,1333374.5799999996,1333374.5799999996,1
155,63.81771096870554,1332418.8399999999,1332418.8399999999,1
156,63.179533859018484,1332418.8399999999,1332418.8399999999,1
157,62.5477385204283,1332418.8399999999,1332418.8399999999,1
158,61.92226113522401,1332418.8399999999,1332418.8399999999,1
159,61.30303852387177,1332418.8399999999,1332418.8399999999,1
160,60.690008138633054,1326974.6199999999,1326974.6199999999,1
161,60.083108057246726,1326974.6199999999,1326974.6199999999,1
162,59.48227697667426,1326974.6199999999,1326974.6199999999,1
163,58.88745420690751,1326974.6199999999,1326974.6199999999,1
164,58.298579664838435,1326974.6199999999,1326974.6199999999,1
165,57.71559386819005,1326974.6199999999,1326974.6199999999,1
166,57.13843792950815,1326974.6199999999,1326974.6199999999,1
167,56.56705355021307,1326974.6199999999,1326974.6199999999,1
168,56.00138301471094,1326974.6199999999,1326974.6199999999,1
169,55.441369184563825,1326974.6199999999,1326974.6199999999,1
170,54.88695549271819,1326974.6199999999,1326974.6199999999,1
171,54.33808593779101,1326974.6199999999,1326974.6199999999,1
172,53.794705078413095,1326974.6199999999,1326974.6199999999,1
173,53.25675802762896,1326974.6199999999,1326974.6199999999,1
174,52.72419044735267,1326974.6199999999,1326974.6199999999,1
175,52.19694854287914,1326974.6199999999,1326974.6199999999,1
176,51.67497905745035,1326974.6199999999,1326974.6199999999,1
177,51.15822926687585,1326974.6199999999,1326974.6199999999,1
178,50.646646974207094,1326974.6199999999,1326974.6199999999,1
179,50.14018050446502,1326974.6199999999,1326974.6199999999,1
180,49.63877869942037,1326974.6199999999,1326974.6199999999,1
181,49.142390912426166,1326974.6199999999,1326974.6199999999,1
182,48.6509670033019,1326974.6199999999,1326974.6199999999,1
183,48.16445733326888,1326974.6199999999,1326974.6199999999,1
184,47.68281275993619,1326974.6199999999,1326974.6199999999,1
185,47.20598463233683,1326974.6199999999,1326974.6199999999,1
186,46.73392478601346,1326974.6199999999,1326974.6199999999,1
187,46.26658553815333,1326974.6199999999,1326974.6199999999,1
188,45.8039196827718,1326974.6199999999,1326974.6199999999,1
189,45.34588048594408,1326974.6199999999,1326974.6199999999,1
190,44.892421681084635,1323657.04,1323657.04,1
191,44.44349746427379,1323657.04,1323657.04,1
192,43.99906248963105,1323657.04,1323657.04,1
193,43.55907186473474,1323657.04,1323657.04,1
194,43.12348114608739,1323657.04,1323657.04,1
195,42.69224633462652,1323657.04,1323657.04,1
196,42.26532387128025,1323657.04,1323657.04,1
197,41.84267063256745,1323657.04,1323657.04,1
198,41.42424392624177,1323657.04,1323657.04,1
199,41.010001486979355,1323657.04,1323657.04,1
200,40.599901472109565,1323657.04,1323657.04,1
201,40.19390245738847,1323657.04,1323657.04,1
202,39.79196343281458,1323657.04,1323657.04,1
203,39.394043798486436,1323657.04,1323657.04,1
204,39.00010336050157,1323657.04,1323657.04,1
205,38.61010232689655,1323657.04,1323657.04,1
206,38.22400130362759,1323657.04,1323657.04,1
207,37.841761290591315,1323657.04,1323657.04,1
208,37.4633436776854,1323657.04,1323657.04,1
209,37.08871024090855,1323657.04,1323657.04,1
210,36.71782313849946,1323657.04,1323657.04,1
211,36.350644907114464,1323657.04,1323657.04,1
212,35.98713845804332,1323657.04,1323657.04,1
213,35.62726707346288,1323657.04,1323657.04,1
214,35.270994402728256,1323657.04,1323657.04,1
215,34.918284458700974,1323657.04,1323657.04,1
216,34.56910161411396,1323657.04,1323657.04,1
217,34.22341059797282,1323657.04,1323657.04,1
218,33.881176491993095,1323657.04,1323657.04,1
219,33.54236472707316,1323657.04,1323657.04,1
220,33.206941079802434,1323657.04,1323657.04,1
221,32.874871669004406,1323657.04,1323657.04,1
222,32.54612295231436,1323657.04,1323657.04,1
223,32.22066172279122,1323657.04,1323657.04,1
224,31.898455105563308,1323657.04,1323657.04,1
225,31.579470554507676,1323657.04,1323657.04,1
226,31.2636758489626,1323657.04,1323657.04,1
227,30.95103909047297,1323657.04,1323657.04,1
228,30.64152869956824,1323657.04,1323657.04,1
229,30.335113412572557,1323657.04,1323657.04,1
230,30.03176227844683,1323657.04,1323657.04,1
231,29.73144465566236,1323657.04,1323657.04,1
232,29.43413020910574,1323657.04,1323657.04,1
233,29.13978890701468,1323657.04,1323657.04,1
234,28.848391017944532,1323657.04,1323657.04,1
235,28.55990710776509,1319195.7999999998,1319195.7999999998,1
236,28.274308036687437,1319195.7999999998,1319195.7999999998,1
237,27.991564956320563,1319195.7999999998,1319195.7999999998,1
238,27.711649306757355,1319195.7999999998,1319195.7999999998,1
239,27.43453281368978,1319195.7999999998,1319195.7999999998,1
240,27.160187485552882,1319195.7999999998,1319195.7999999998,1
241,26.88858561069735,1319195.7999999998,1319195.7999999998,1
242,26.61969975459038,1319195.7999999998,1319195.7999999998,1
243,26.353502757044474,1319195.7999999998,1319195.7999999998,1
244,26.08996772947403,1319195.7999999998,1319195.7999999998,1
245,25.829068052179288,1319195.7999999998,1319195.7999999998,1
246,25.570777371657496,1319195.7999999998,1319195.7999999998,1
247,25.31506959794092,1319195.7999999998,1319195.7999999998,1
248,25.06191890196151,1319195.7999999998,1319195.7999999998,1
249,24.811299712941892,1319195.7999999998,1319195.7999999998,1
250,24.563186715812474,1319195.7999999998,1319195.7999999998,1
251,24.31755484865435,1319195.7999999998,1319195.7999999998,1
252,24.074379300167806,1319195.7999999998,1319195.7999999998,1
253,23.83363550716613,1319195.7999999998,1319195.7999999998,1
254,23.595299152094466,1319195.7999999998,1319195.7999999998,1
255,23.35934616057352,1319195.7999999998,1319195.7999999998,1
256,23.125752698967784,1319195.7999999998,1319195.7999999998,1
257,22.894495171978104,1319195.7999999998,1319195.7999999998,1
258,22.66555022025832,1319195.7999999998,1319195.7999999998,1
259,22.43889471805574,1319195.7999999998,1319195.7999999998,1
260,22.21450577087518,1319195.7999999998,1319195.7999999998,1
261,21.99236071316643,1319195.7999999998,1319195.7999999998,1
262,21.772437106034765,1319195.7999999998,1319195.7999999998,1
263,21.554712734974416,1319195.7999999998,1319195.7999999998,1
264,21.339165607624672,1319195.7999999998,1319195.7999999998,1
265,21.125773951548425,1319195.7999999998,1319195.7999999998,1
266,20.91451621203294,1319195.7999999998,1319195.7999999998,1
267,20.70537104991261,1319195.7999999998,1319195.7999999998,1
268,20.498317339413486,1319195.7999999998,1319195.7999999998,1
269,20.29333416601935,1319195.7999999998,1319195.7999999998,1
270,20.090400824359154,1319195.7999999998,1319195.7999999998,1
271,19.889496816115564,1319195.7999999998,1319195.7999999998,1
272,19.690601847954408,1319195.7999999998,1319195.7999999998,1
273,19.493695829474863,1319195.7999999998,1319195.7999999998,1
274,19.298758871180112,1319195.7999999998,1319195.7999999998,1
275,19.10577128246831,1319195.7999999998,1319195.7999999998,1
276,18.914713569643627,1319195.7999999998,1319195.7999999998,1
277,18.72556643394719,1319195.7999999998,1319195.7999999998,1
278,18.53831076960772,1319195.7999999998,1319195.7999999998,1
279,18.352927661911643,1319195.7999999998,1319195.7999999998,1
280,18.169398385292528,1319195.7999999998,1319195.7999999998,1
281,17.987704401439604,1319195.7999999998,1319195.7999999998,1
282,17.807827357425207,1319195.7999999998,1319195.7999999998,1
283,17.629749083850957,1319195.7999999998,1319195.7999999998,1
284,17.453451593012446,1319195.7999999998,1319195.7999999998,1
285,17.278917077082323,1319195.7999999998,1319195.7999999998,1
286,17.1061279063115,1319195.7999999998,1319195.7999999998,1
287,16.935066627248386,1319195.7999999998,1319195.7999999998,1
288,16.7657159609759,1319195.7999999998,1319195.7999999998,1
289,16.59805880136614,1319195.7999999998,1319195.7999999998,1
290,16.43207821335248,1319195.7999999998,1319195.7999999998,1
291,16.267757431218953,1319195.7999999998,1319195.7999999998,1
292,16.105079856906762,1319195.7999999998,1319195.7999999998,1
293,15.944029058337694,1319195.7999999998,1319195.7999999998,1
294,15.784588767754316,1319195.7999999998,1319195.7999999998,1
295,15.626742880076772,1319195.7999999998,1319195.7999999998,1
296,15.470475451276005,1319195.7999999998,1319195.7999999998,1
297,15.315770696763245,1319195.7999999998,1319195.7999999998,1
298,15.162612989795612,1319195.7999999998,1319195.7999999998,1
299,15.010986859897656,1319195.7999999998,1319195.7999999998,1
300,14.86087699129868,1319195.7999999998,1319195.7999999998,1
301,14.712268221385694,1319195.7999999998,1319195.7999999998,1
302,14.565145539171837,1319195.7999999998,1319195.7999999998,1
303,14.419494083780119,1319195.7999999998,1319195.7999999998,1
304,14.275299142942318,1319195.7999999998,1319195.7999999998,1
305,14.132546151512894,1319195.7999999998,1319195.7999999998,1
306,13.991220689997766,1319195.7999999998,1319195.7999999998,1
307,13.851308483097789,1319195.7999999998,1319195.7999999998,1
308,13.712795398266811,1319195.7999999998,1319195.7999999998,1
309,13.575667444284143,1319195.7999999998,1319195.7999999998,1
310,13.439910769841301,1319195.7999999998,1319195.7999999998,1
311,13.305511662142887,1319195.7999999998,1319195.7999999998,1
312,13.172456545521458,1319195.7999999998,1319195.7999999998,1
313,13.040731980066242,1319195.7999999998,1319195.7999999998,1
314,12.91032466026558,1319195.7999999998,1319195.7999999998,1
315,12.781221413662925,1319195.7999999998,1319195.7999999998,1
316,12.653409199526296,1319195.7999999998,1319195.7999999998,1
317,12.526875107531033,1319195.7999999998,1319195.7999999998,1
318,12.401606356455723,1319195.7999999998,1319195.7999999998,1
319,12.277590292891166,1319195.7999999998,1319195.7999999998,1
320,12.154814389962254,1319195.7999999998,1319195.7999999998,1
321,12.033266246062631,1319195.7999999998,1319195.7999999998,1
322,11.912933583602005,1319195.7999999998,1319195.7999999998,1
323,11.793804247765985,1319195.7999999998,1319195.7999999998,1
324,11.675866205288326,1319195.7999999998,1319195.7999999998,1
325,11.559107543235443,1319195.7999999998,1319195.7999999998,1
326,11.44351646780309,1319195.7999999998,1319195.7999999998,1
327,11.329081303125058,1319195.7999999998,1319195.7999999998,1
328,11.215790490093807,1319195.7999999998,1319195.7999999998,1
329,11.10363258519287,1319195.7999999998,1319195.7999999998,1
330,10.99259625934094,1319195.7999999998,1319195.7999999998,1
331,10.88267029674753,1319195.7999999998,1319195.7999999998,1
332,10.773843593780056,1319195.7999999998,1319195.7999999998,1
333,10.666105157842255,1319195.7999999998,1319195.7999999998,1
334,10.559444106263832,1317965.6199999999,1317965.6199999999,1
335,10.453849665201194,1317965.6199999999,1317965.6199999999,1
336,10.349311168549182,1317965.6199999999,1317965.6199999999,1
337,10.24581805686369,1317965.6199999999,1317965.6199999999,1
338,10.143359876295053,1314455.74,1314455.74,1
339,10.041926277532102,1314455.74,1314455.74,1
340,9.94150701475678,1314455.74,1314455.74,1
341,9.842091944609212,1314455.74,1314455.74,1
342,9.74367102516312,1314455.74,1314455.74,1
343,9.646234314911489,1314455.74,1314455.74,1
344,9.549771971762373,1314455.74,1314455.74,1
345,9.45427425204475,1314455.74,1314455.74,1
346,9.359731509524302,1314455.74,1314455.74,1
347,9.266134194429059,1314455.74,1314455.74,1
348,9.173472852484768,1314455.74,1314455.74,1
349,9.08173812395992,1314455.74,1314455.74,1
350,8.99092074272032,1314455.74,1314455.74,1
351,8.901011535293117,1314455.74,1314455.74,1
352,8.812001419940186,1314455.74,1314455.74,1
353,8.723881405740784,1314455.74,1314455.74,1
354,8.636642591683376,1314455.74,1314455.74,1
355,8.550276165766542,1314455.74,1314455.74,1
356,8.464773404108877,1314455.74,1314455.74,1
357,8.380125670067788,1314455.74,1314455.74,1
358,8.29632441336711,1314455.74,1314455.74,1
359,8.213361169233439,1310141.7599999998,1310141.7599999998,1
360,8.131227557541104,1310141.7599999998,1310141.7599999998,1
361,8.049915281965692,1310141.7599999998,1310141.7599999998,1
362,7.969416129146035,1310141.7599999998,1310141.7599999998,1
363,7.889721967854575,1310141.7599999998,1310141.7599999998,1
364,7.810824748176029,1310141.7599999998,1310141.7599999998,1
365,7.732716500694268,1310141.7599999998,1310141.7599999998,1
366,7.6553893356873255,1310141.7599999998,1310141.7599999998,1
367,7.578835442330452,1310141.7599999998,1310141.7599999998,1
368,7.503047087907148,1310141.7599999998,1310141.7599999998,1
369,7.428016617028076,1310141.7599999998,1310141.7599999998,1
370,7.353736450857795,1279397.68,1279397.68,1
371,7.280199086349217,1279397.68,1279397.68,1
372,7.207397095485725,1279397.68,1279397.68,1
373,7.135323124530868,1279397.68,1279397.68,1
374,7.0639698932855595,1279397.68,1279397.68,1
375,6.993330194352704,1279397.68,1279397.68,1
376,6.923396892409177,1279397.68,1279397.68,1
377,6.854162923485085,1279397.68,1279397.68,1
378,6.785621294250235,1279397.68,1279397.68,1
379,6.717765081307732,1279397.68,1279397.68,1
380,6.650587430494655,1279397.68,1279397.68,1
381,6.584081556189708,1279397.68,1279397.68,1
382,6.518240740627811,1279397.68,1279397.68,1
383,6.4530583332215325,1279397.68,1279397.68,1
384,6.388527749889318,1279397.68,1279397.68,1
385,6.324642472390424,1279397.68,1279397.68,1
386,6.26139604766652,1279397.68,1279397.68,1
387,6.198782087189855,1279397.68,1279397.68,1
388,6.136794266317956,1279397.68,1279397.68,1
389,6.075426323654777,1279397.68,1279397.68,1
390,6.0146720604182295,1279397.68,1279397.68,1
391,5.954525339814047,1277243.4600000002,1277243.4600000002,1
392,5.894980086415907,1277243.4600000002,1277243.4600000002,1
393,5.836030285551748,1277243.4600000002,1277243.4600000002,1
394,5.77766998269623,1277243.4600000002,1277243.4600000002,1
395,5.7198932828692675,1277243.4600000002,1277243.4600000002,1
396,5.662694350040574,1277243.4600000002,1277243.4600000002,1
397,5.606067406540169,1277243.4600000002,1277243.4600000002,1
398,5.550006732474767,1277243.4600000002,1277243.4600000002,1
399,5.494506665150019,1277243.4600000002,1277243.4600000002,1
400,5.439561598498519,1277243.4600000002,1277243.4600000002,1
401,5.385165982513533,1277243.4600000002,1277243.4600000002,1
402,5.331314322688398,1277243.4600000002,1277243.4600000002,1
403,5.278001179461514,1277243.4600000002,1277243.4600000002,1
404,5.2252211676668985,1277243.4600000002,1277243.4600000002,1
405,5.172968955990229,1277243.4600000002,1277243.4600000002,1
406,5.121239266430327,1277243.4600000002,1277243.4600000002,1
407,5.0700268737660235,1277243.4600000002,1277243.4600000002,1
408,5.019326605028363,1277243.4600000002,1277243.4600000002,1
409,4.96913333897808,1277243.4600000002,1277243.4600000002,1
410,4.919442005588299,1277243.4600000002,1277243.4600000002,1
411,4.870247585532415,1277243.4600000002,1277243.4600000002,1
412,4.821545109677091,1277243.4600000002,1277243.4600000002,1
413,4.7733296585803195,1277243.4600000002,1277243.4600000002,1
414,4.7255963619945165,1277243.4600000002,1277243.4600000002,1
415,4.678340398374571,1277243.4600000002,1277243.4600000002,1
416,4.6315569943908255,1277243.4600000002,1277243.4600000002,1
417,4.5852414244469175,1277243.4600000002,1277243.4600000002,1
418,4.539389010202449,1277243.4600000002,1277243.4600000002,1
419,4.493995120100424,1277243.4600000002,1277243.4600000002,1
420,4.449055168899419,1277243.4600000002,1277243.4600000002,1
421,4.404564617210425,1277243.4600000002,1277243.4600000002,1
422,4.360518971038321,1274464.0,1274464.0,1
423,4.316913781327938,1274464.0,1274464.0,1
424,4.273744643514658,1274464.0,1274464.0,1
425,4.231007197079512,1274464.0,1274464.0,1
426,4.188697125108717,1274464.0,1274464.0,1
427,4.146810153857629,1274464.0,1274464.0,1
428,4.1053420523190525,1274464.0,1274464.0,1
429,4.064288631795862,1274464.0,1274464.0,1
430,4.0236457454779035,1274464.0,1274464.0,1
431,3.9834092880231244,1274464.0,1274464.0,1
432,3.943575195142893,1274464.0,1274464.0,1
433,3.904139443191464,1274464.0,1274464.0,1
434,3.8650980487595494,1274464.0,1274464.0,1
435,3.826447068271954,1273011.78,1273011.78,1
436,3.788182597589234,1273011.78,1273011.78,1
437,3.750300771613342,1273011.78,1273011.78,1
438,3.7127977638972083,1273011.78,1273011.78,1
439,3.6756697862582364,1273011.78,1273011.78,1
440,3.638913088395654,1273011.78,1273011.78,1
441,3.602523957511697,1273011.78,1273011.78,1
442,3.56649871793658,1273011.78,1273011.78,1
443,3.530833730757214,1273011.78,1273011.78,1
444,3.495525393449642,1273011.78,1273011.78,1
445,3.4605701395151454,1273011.78,1273011.78,1
446,3.425964438119994,1273011.78,1273011.78,1
447,3.391704793738794,1273011.78,1273011.78,1
448,3.357787745801406,1273011.78,1273011.78,1
449,3.324209868343392,1273011.78,1273011.78,1
450,3.290967769659958,1273011.78,1273011.78,1
451,3.2580580919633584,1273011.78,1273011.78,1
452,3.225477511043725,1273011.78,1273011.78,1
453,3.1932227359332876,1273011.78,1273011.78,1
454,3.1612905085739547,1273011.78,1273011.78,1
455,3.129677603488215,1273011.78,1273011.78,1
456,3.0983808274533327,1273011.78,1273011.78,1
457,3.067397019178799,1273011.78,1273011.78,1
458,3.036723048987011,1273011.78,1273011.78,1
459,3.006355818497141,1273011.78,1273011.78,1
460,2.9762922603121695,1273011.78,1273011.78,1
461,2.946529337709048,1273011.78,1273011.78,1
462,2.917064044331957,1273011.78,1273011.78,1
463,2.8878934038886377,1273011.78,1273011.78,1
464,2.8590144698497513,1273011.78,1273011.78,1
465,2.8304243251512538,1273011.78,1273011.78,1
466,2.802120081899741,1273011.78,1273011.78,1
467,2.774098881080744,1273011.78,1273011.78,1
468,2.7463578922699363,1273011.78,1273011.78,1
469,2.7188943133472367,1273011.78,1273011.78,1
470,2.6917053702137643,1273011.78,1273011.78,1
471,2.664788316511627,1273011.78,1273011.78,1
472,2.6381404333465106,1273011.78,1273011.78,1
473,2.6117590290130455,1273011.78,1273011.78,1
474,2.585641438722915,1273011.78,1273011.78,1
475,2.559785024335686,1273011.78,1273011.78,1
476,2.534187174092329,1273011.78,1273011.78,1
477,2.5088453023514057,1273011.78,1273011.78,1
478,2.4837568493278916,1273011.78,1273011.78,1
479,2.4589192808346128,1273011.78,1273011.78,1
480,2.434330088026267,1273011.78,1273011.78,1
481,2.4099867871460043,1273011.78,1273011.78,1
482,2.385886919274544,1273011.78,1273011.78,1
483,2.3620280500817987,1273011.78,1273011.78,1
484,2.338407769580981,1273011.78,1273011.78,1
485,2.315023691885171,1273011.78,1273011.78,1
486,2.291873454966319,1273011.78,1273011.78,1
487,2.268954720416656,1273011.78,1273011.78,1
488,2.2462651732124894,1273011.78,1273011.78,1
489,2.2238025214803647,1273011.78,1273011.78,1
490,2.201564496265561,1273011.78,1273011.78,1
491,2.179548851302905,1273011.78,1273011.78,1
492,2.157753362789876,1273011.78,1273011.78,1
493,2.136175829161977,1273011.78,1273011.78,1
494,2.114814070870357,1273011.78,1273011.78,1
495,2.0936659301616536,1273011.78,1273011.78,1
496,2.072729270860037,1273011.78,1273011.78,1
497,2.0520019781514365,1273011.78,1273011.78,1
498,2.031481958369922,1273011.78,1273011.78,1
499,2.011167138786223,1273011.78,1273011.78,1
500,1.9910554673983607,1273011.78,1273011.78,1
501,1.971144912724377,1273011.78,1273011.78,1
502,1.951433463597133,1273011.78,1273011.78,1
503,1.9319191289611617,1273011.78,1273011.78,1
504,1.9125999376715501,1273011.78,1273011.78,1
505,1.8934739382948347,1273011.78,1273011.78,1
506,1.8745391989118863,1273011.78,1273011.78,1
507,1.8557938069227673,1273011.78,1273011.78,1
508,1.8372358688535395,1273011.78,1273011.78,1
509,1.8188635101650041,1273011.78,1273011.78,1
510,1.800674875063354,1273011.78,1273011.78,1
511,1.7826681263127206,1273011.78,1273011.78,1
512,1.7648414450495935,1273011.78,1273011.78,1
513,1.7471930305990975,1273011.78,1273011.78,1
514,1.7297211002931066,1273011.78,1273011.78,1
515,1.7124238892901755,1273011.78,1273011.78,1
516,1.6952996503972737,1273011.78,1273011.78,1
517,1.678346653893301,1273011.78,1273011.78,1
518,1.661563187354368,1273011.78,1273011.78,1
519,1.6449475554808242,1273011.78,1273011.78,1
520,1.6284980799260158,1273011.78,1273011.78,1
521,1.6122130991267556,1273011.78,1273011.78,1
522,1.596090968135488,1273011.78,1273011.78,1
523,1.5801300584541331,1273011.78,1273011.78,1
524,1.5643287578695917,1273011.78,1273011.78,1
525,1.5486854702908956,1273011.78,1273011.78,1
526,1.5331986155879866,1273011.78,1273011.78,1
527,1.5178666294321068,1273011.78,1273011.78,1
528,1.5026879631377856,1273011.78,1273011.78,1
529,1.4876610835064077,1273011.78,1273011.78,1
530,1.4727844726713435,1273011.78,1273011.78,1
531,1.45805662794463,1273011.78,1273011.78,1
532,1.4434760616651838,1273011.78,1273011.78,1
533,1.4290413010485319,1273011.78,1273011.78,1
534,1.4147508880380466,1273011.78,1273011.78,1
535,1.4006033791576662,1273011.78,1273011.78,1
536,1.3865973453660896,1273011.78,1273011.78,1
537,1.3727313719124288,1273011.78,1273011.78,1
538,1.3590040581933045,1273011.78,1273011.78,1
539,1.3454140176113714,1273011.78,1273011.78,1
540,1.3319598774352577,1273011.78,1273011.78,1
541,1.318640278660905,1273011.78,1273011.78,1
542,1.305453875874296,1273011.78,1273011.78,1
543,1.2923993371155529,1273011.78,1273011.78,1
544,1.2794753437443973,1273011.78,1273011.78,1
545,1.2666805903069533,1273011.78,1273011.78,1
546,1.254013784403884,1273011.78,1273011.78,1
547,1.241473646559845,1273011.78,1273011.78,1
548,1.2290589100942466,1273011.78,1273011.78,1
549,1.2167683209933042,1273011.78,1273011.78,1
550,1.2046006377833711,1273011.78,1273011.78,1
551,1.1925546314055373,1273011.78,1273011.78,1
552,1.180629085091482,1273011.78,1273011.78,1
553,1.1688227942405671,1273011.78,1273011.78,1
554,1.1571345662981614,1273011.78,1273011.78,1
555,1.1455632206351798,1273011.78,1273011.78,1
556,1.134107588428828,1273011.78,1273011.78,1
557,1.1227665125445399,1273011.78,1273011.78,1
558,1.1115388474190944,1273011.78,1273011.78,1
559,1.1004234589449033,1273011.78,1273011.78,1
560,1.0894192243554544,1273011.78,1273011.78,1
561,1.0785250321118998,1273011.78,1273011.78,1
562,1.0677397817907808,1273011.78,1273011.78,1
563,1.057062383972873,1273011.78,1273011.78,1
564,1.0464917601331443,1273011.78,1273011.78,1
565,1.0360268425318129,1273011.78,1273011.78,1
566,1.0256665741064948,1273011.78,1273011.78,1
567,1.0154099083654298,1273011.78,1273011.78,1
568,1.0052558092817754,1273011.78,1273011.78,1
569,0.9952032511889576,1273011.78,1273011.78,1
570,0.985251218677068,1273011.78,1273011.78,1
571,0.9753987064902974,1273011.78,1273011.78,1
572,0.9656447194253944,1273011.78,1273011.78,1
573,0.9559882722311405,1273011.78,1273011.78,1
574,0.946428389508829,1273011.78,1273011.78,1
575,0.9369641056137408,1273011.78,1273011.78,1
576,0.9275944645576033,1273011.78,1273011.78,1
577,0.9183185199120273,1273011.78,1273011.78,1
578,0.909135334712907,1273011.78,1273011.78,1
579,0.9000439813657779,1273011.78,1273011.78,1
580,0.8910435415521201,1273011.78,1273011.78,1
581,0.8821331061365989,1273011.78,1273011.78,1
582,0.8733117750752329,1273011.78,1273011.78,1
583,0.8645786573244806,1273011.78,1273011.78,1
584,0.8559328707512358,1273011.78,1273011.78,1
585,0.8473735420437234,1273011.78,1273011.78,1
586,0.8388998066232861,1273011.78,1273011.78,1
587,0.8305108085570533,1273011.78,1273011.78,1
588,0.8222057004714828,1273011.78,1273011.78,1
589,0.813983643466768,1273011.78,1273011.78,1
590,0.8058438070321003,1273011.78,1273011.78,1
591,0.7977853689617793,1273011.78,1273011.78,1
592,0.7898075152721615,1273011.78,1273011.78,1
593,0.7819094401194399,1269213.8800000001,1269213.8800000001,1
594,0.7740903457182454,1269213.8800000001,1269213.8800000001,1
595,0.7663494422610629,1269213.8800000001,1269213.8800000001,1
596,0.7586859478384523,1269213.8800000001,1269213.8800000001,1
597,0.7510990883600678,1269213.8800000001,1269213.8800000001,1
598,0.7435880974764671,1269213.8800000001,1269213.8800000001,1
599,0.7361522165017025,1269213.8800000001,1269213.8800000001,1
600,0.7287906943366854,1269213.8800000001,1269213.8800000001,1
601,0.7215027873933185,1269213.8800000001,1269213.8800000001,1
602,0.7142877595193853,1269213.8800000001,1269213.8800000001,1
603,0.7071448819241914,1269213.8800000001,1269213.8800000001,1
604,0.7000734331049495,1269213.8800000001,1269213.8800000001,1
605,0.6930726987739,1269213.8800000001,1269213.8800000001,1
606,0.686141971786161,1269213.8800000001,1269213.8800000001,1
607,0.6792805520682994,1269213.8800000001,1269213.8800000001,1
608,0.6724877465476164,1269213.8800000001,1269213.8800000001,1
609,0.6657628690821403,1269213.8800000001,1269213.8800000001,1
610,0.6591052403913189,1269213.8800000001,1269213.8800000001,1
611,0.6525141879874057,1269213.8800000001,1269213.8800000001,1
612,0.6459890461075316,1269213.8800000001,1269213.8800000001,1
613,0.6395291556464563,1269213.8800000001,1269213.8800000001,1
614,0.6331338640899917,1269213.8800000001,1269213.8800000001,1
615,0.6268025254490918,1269213.8800000001,1269213.8800000001,1
616,0.6205345001946009,1269213.8800000001,1269213.8800000001,1
617,0.6143291551926549,1269213.8800000001,1269213.8800000001,1
618,0.6081858636407284,1269213.8800000001,1269213.8800000001,1
619,0.602104005004321,1269213.8800000001,1269213.8800000001,1
620,0.5960829649542778,1269213.8800000001,1269213.8800000001,1
621,0.590122135304735,1269213.8800000001,1269213.8800000001,1
622,0.5842209139516876,1269213.8800000001,1269213.8800000001,1
623,0.5783787048121708,1269213.8800000001,1269213.8800000001,1
624,0.5725949177640491,1269213.8800000001,1269213.8800000001,1
625,0.5668689685864087,1269213.8800000001,1269213.8800000001,1
626,0.5612002789005446,1269213.8800000001,1269213.8800000001,1
627,0.5555882761115392,1269213.8800000001,1269213.8800000001,1
628,0.5500323933504238,1269213.8800000001,1269213.8800000001,1
629,0.5445320694169196,1269213.8800000001,1269213.8800000001,1
630,0.5390867487227503,1269213.8800000001,1269213.8800000001,1
631,0.5336958812355228,1269213.8800000001,1269213.8800000001,1
632,0.5283589224231676,1269213.8800000001,1269213.8800000001,1
633,0.523075333198936,1269213.8800000001,1269213.8800000001,1
634,0.5178445798669465,1269213.8800000001,1269213.8800000001,1
635,0.5126661340682771,1269213.8800000001,1269213.8800000001,1
636,0.5075394727275944,1269213.8800000001,1269213.8800000001,1
637,0.5024640780003184,1269213.8800000001,1269213.8800000001,1
638,0.49743943722031525,1269213.8800000001,1269213.8800000001,1
639,0.4924650428481121,1269213.8800000001,1269213.8800000001,1
640,0.487540392419631,1269213.8800000001,1269213.8800000001,1
641,0.48266498849543465,1269213.8800000001,1269213.8800000001,1
642,0.4778383386104803,1269213.8800000001,1269213.8800000001,1
643,0.4730599552243755,1269213.8800000001,1269213.8800000001,1
644,0.46832935567213174,1269213.8800000001,1269213.8800000001,1
645,0.46364606211541043,1269213.8800000001,1269213.8800000001,1
646,0.45900960149425635,1269213.8800000001,1269213.8800000001,1
647,0.45441950547931376,1269213.8800000001,1269213.8800000001,1
648,0.4498753104245206,1269213.8800000001,1269213.8800000001,1
649,0.4453765573202754,1269213.8800000001,1269213.8800000001,1
650,0.44092279174707266,1269213.8800000001,1269213.8800000001,1
651,0.43651356382960194,1269213.8800000001,1269213.8800000001,1
652,0.4321484281913059,1269213.8800000001,1269213.8800000001,1
653,0.42782694390939285,1269213.8800000001,1269213.8800000001,1
654,0.4235486744702989,1269213.8800000001,1269213.8800000001,1
655,0.41931318772559595,1269213.8800000001,1269213.8800000001,1
656,0.41512005584834,1269213.8800000001,1269213.8800000001,1
657,0.4109688552898566,1269213.8800000001,1269213.8800000001,1
658,0.40685916673695804,1269213.8800000001,1269213.8800000001,1
659,0.4027905750695885,1269213.8800000001,1269213.8800000001,1
660,0.3987626693188926,1269213.8800000001,1269213.8800000001,1
661,0.3947750426257037,1269213.8800000001,1269213.8800000001,1
662,0.3908272921994466,1269213.8800000001,1269213.8800000001,1
663,0.38691901927745215,1269213.8800000001,1269213.8800000001,1
664,0.3830498290846776,1269213.8800000001,1269213.8800000001,1
665,0.3792193307938308,1269213.8800000001,1269213.8800000001,1
666,0.3754271374858925,1269213.8800000001,1269213.8800000001,1
667,0.37167286611103356,1269213.8800000001,1269213.8800000001,1
668,0.3679561374499232,1269213.8800000001,1269213.8800000001,1
669,0.36427657607542396,1269213.8800000001,1269213.8800000001,1
670,0.36063381031466973,1269213.8800000001,1269213.8800000001,1
671,0.35702747221152303,1269213.8800000001,1269213.8800000001,1
672,0.3534571974894078,1269213.8800000001,1269213.8800000001,1
673,0.3499226255145137,1269213.8800000001,1269213.8800000001,1
674,0.34642339925936855,1269213.8800000001,1269213.8800000001,1
675,0.34295916526677483,1269213.8800000001,1269213.8800000001,1
676,0.33952957361410707,1269213.8800000001,1269213.8800000001,1
677,0.336134277877966,1269213.8800000001,1269213.8800000001,1
678,0.3327729350991864,1269213.8800000001,1269213.8800000001,1
679,0.3294452057481945,1269213.8800000001,1269213.8800000001,1
680,0.32615075369071256,1269213.8800000001,1269213.8800000001,1
681,0.32288924615380543,1269213.8800000001,1269213.8800000001,1
682,0.31966035369226736,1269213.8800000001,1269213.8800000001,1
683,0.31646375015534467,1269213.8800000001,1269213.8800000001,1
684,0.31329911265379123,1269213.8800000001,1269213.8800000001,1
685,0.3101661215272533,1269213.8800000001,1269213.8800000001,1
686,0.30706446031198076,1269213.8800000001,1269213.8800000001,1
687,0.30399381570886097,1269213.8800000001,1269213.8800000001,1
688,0.30095387755177233,1269213.8800000001,1269213.8800000001,1
689,0.2979443387762546,1269213.8800000001,1269213.8800000001,1
690,0.294964895388492,1269213.8800000001,1269213.8800000001,1
691,0.2920152464346071,1269213.8800000001,1269213.8800000001,1
692,0.289095093970261,1269213.8800000001,1269213.8800000001,1
693,0.2862041430305584,1269213.8800000001,1269213.8800000001,1
694,0.2833421016002528,1269213.8800000001,1269213.8800000001,1
695,0.28050868058425027,1269213.8800000001,1269213.8800000001,1
696,0.27770359377840775,1269213.8800000001,1269213.8800000001,1
697,0.2749265578406237,1269213.8800000001,1269213.8800000001,1
698,0.2721772922622175,1269213.8800000001,1269213.8800000001,1
699,0.26945551933959533,1269213.8800000001,1269213.8800000001,1
700,0.2667609641461994,1269213.8800000001,1269213.8800000001,1
701,0.26409335450473737,1269213.8800000001,1269213.8800000001,1
702,0.26145242095969,1269213.8800000001,1269213.8800000001,1
703,0.2588378967500931,1269213.8800000001,1269213.8800000001,1
704,0.2562495177825922,1269213.8800000001,1269213.8800000001,1
705,0.2536870226047663,1269213.8800000001,1269213.8800000001,1
706,0.2511501523787186,1269213.8800000001,1269213.8800000001,1
707,0.24863865085493145,1269213.8800000001,1269213.8800000001,1
708,0.24615226434638213,1269213.8800000001,1269213.8800000001,1
709,0.2436907417029183,1269213.8800000001,1269213.8800000001,1
710,0.24125383428588912,1269213.8800000001,1269213.8800000001,1
711,0.23884129594303022,1269213.8800000001,1269213.8800000001,1
712,0.23645288298359993,1269213.8800000001,1269213.8800000001,1
713,0.23408835415376392,1269213.8800000001,1269213.8800000001,1
714,0.23174747061222628,1269213.8800000001,1269213.8800000001,1
715,0.22942999590610402,1269213.8800000001,1269213.8800000001,1
716,0.22713569594704297,1269213.8800000001,1269213.8800000001,1
717,0.22486433898757255,1269213.8800000001,1269213.8800000001,1
718,0.2226156955976968,1269213.8800000001,1269213.8800000001,1
719,0.22038953864171984,1269213.8800000001,1269213.8800000001,1
720,0.21818564325530265,1269213.8800000001,1269213.8800000001,1
721,0.21600378682274962,1269213.8800000001,1269213.8800000001,1
722,0.21384374895452213,1269213.8800000001,1269213.8800000001,1
723,0.2117053114649769,1269213.8800000001,1269213.8800000001,1
724,0.20958825835032713,1269213.8800000001,1269213.8800000001,1
725,0.20749237576682386,1269213.8800000001,1269213.8800000001,1
726,0.20541745200915562,1269213.8800000001,1269213.8800000001,1
727,0.20336327748906408,1269213.8800000001,1269213.8800000001,1
728,0.20132964471417344,1269213.8800000001,1269213.8800000001,1
729,0.1993163482670317,1269213.8800000001,1269213.8800000001,1
730,0.1973231847843614,1269213.8800000001,1269213.8800000001,1
731,0.19534995293651777,1269213.8800000001,1269213.8800000001,1
732,0.19339645340715259,1269213.8800000001,1269213.8800000001,1
733,0.19146248887308107,1269213.8800000001,1269213.8800000001,1
734,0.18954786398435025,1269213.8800000001,1269213.8800000001,1
735,0.18765238534450673,1269213.8800000001,1269213.8800000001,1
736,0.18577586149106168,1269213.8800000001,1269213.8800000001,1
737,0.18391810287615107,1269213.8800000001,1269213.8800000001,1
738,0.18207892184738955,1269213.8800000001,1269213.8800000001,1
739,0.18025813262891566,1269213.8800000001,1269213.8800000001,1
740,0.1784555513026265,1269213.8800000001,1269213.8800000001,1
741,0.17667099578960024,1269213.8800000001,1269213.8800000001,1
742,0.17490428583170423,1269213.8800000001,1269213.8800000001,1
743,0.1731552429733872,1269213.8800000001,1269213.8800000001,1
744,0.1714236905436533,1269213.8800000001,1269213.8800000001,1
745,0.16970945363821677,1269213.8800000001,1269213.8800000001,1
746,0.1680123591018346,1269213.8800000001,1269213.8800000001,1
747,0.16633223551081625,1269213.8800000001,1269213.8800000001,1
748,0.16466891315570809,1269213.8800000001,1269213.8800000001,1
749,0.163022224024151,1269213.8800000001,1269213.8800000001,1
750,0.1613920017839095,1269213.8800000001,1269213.8800000001,1
751,0.1597780817660704,1269213.8800000001,1269213.8800000001,1
752,0.15818030094840968,1269213.8800000001,1269213.8800000001,1
753,0.15659849793892558,1269213.8800000001,1269213.8800000001,1
754,0.15503251295953632,1269213.8800000001,1269213.8800000001,1
755,0.15348218782994097,1269213.8800000001,1269213.8800000001,1
756,0.15194736595164157,1269213.8800000001,1269213.8800000001,1
757,0.15042789229212516,1269213.8800000001,1269213.8800000001,1
758,0.1489236133692039,1269213.8800000001,1269213.8800000001,1
759,0.14743437723551187,1269213.8800000001,1269213.8800000001,1
760,0.14596003346315675,1269213.8800000001,1269213.8800000001,1
761,0.14450043312852517,1269213.8800000001,1269213.8800000001,1
762,0.14305542879723993,1269213.8800000001,1269213.8800000001,1
763,0.14162487450926753,1269213.8800000001,1269213.8800000001,1
764,0.14020862576417487,1269213.8800000001,1269213.8800000001,1
765,0.13880653950653313,1269213.8800000001,1269213.8800000001,1
766,0.1374184741114678,1269213.8800000001,1269213.8800000001,1
767,0.13604428937035312,1269213.8800000001,1269213.8800000001,1
768,0.13468384647664958,1269213.8800000001,1269213.8800000001,1
769,0.13333700801188308,1269213.8800000001,1269213.8800000001,1
770,0.13200363793176426,1269213.8800000001,1269213.8800000001,1
771,0.1306836015524466,1269213.8800000001,1269213.8800000001,1
772,0.12937676553692212,1269213.8800000001,1269213.8800000001,1
773,0.1280829978815529,1269213.8800000001,1269213.8800000001,1
774,0.12680216790273735,1269213.8800000001,1269213.8800000001,1
775,0.12553414622370998,1269213.8800000001,1269213.8800000001,1
776,0.12427880476147288,1269213.8800000001,1269213.8800000001,1
777,0.12303601671385815,1269213.8800000001,1269213.8800000001,1
778,0.12180565654671957,1269213.8800000001,1269213.8800000001,1
779,0.12058759998125237,1269213.8800000001,1269213.8800000001,1
780,0.11938172398143986,1269213.8800000001,1269213.8800000001,1
781,0.11818790674162545,1269213.8800000001,1269213.8800000001,1
782,0.1170060276742092,1269213.8800000001,1269213.8800000001,1
783,0.11583596739746711,1269213.8800000001,1269213.8800000001,1
784,0.11467760772349245,1269213.8800000001,1269213.8800000001,1
785,0.11353083164625752,1269213.8800000001,1269213.8800000001,1
786,0.11239552332979494,1269213.8800000001,1269213.8800000001,1
787,0.11127156809649699,1269213.8800000001,1269213.8800000001,1
788,0.11015885241553203,1269213.8800000001,1269213.8800000001,1
789,0.10905726389137671,1269213.8800000001,1269213.8800000001,1
790,0.10796669125246294,1269213.8800000001,1269213.8800000001,1
791,0.10688702433993831,1269213.8800000001,1269213.8800000001,1
792,0.10581815409653893,1269213.8800000001,1269213.8800000001,1
793,0.10475997255557354,1269213.8800000001,1269213.8800000001,1
794,0.1037123728300178,1269213.8800000001,1269213.8800000001,1
795,0.10267524910171762,1269213.8800000001,1269213.8800000001,1
796,0.10164849661070044,1269213.8800000001,1269213.8800000001,1
797,0.10063201164459343,1269213.8800000001,1269213.8800000001,1
798,0.09962569152814749,1269213.8800000001,1269213.8800000001,1
799,0.09862943461286601,1269213.8800000001,1269213.8800000001,1
800,0.09764314026673734,1269213.8800000001,1269213.8800000001,1
801,0.09666670886406997,1269213.8800000001,1269213.8800000001,1
802,0.09570004177542928,1269213.8800000001,1269213.8800000001,1
803,0.09474304135767499,1269213.8800000001,1269213.8800000001,1
804,0.09379561094409823,1269213.8800000001,1269213.8800000001,1
805,0.09285765483465724,1269213.8800000001,1269213.8800000001,1
806,0.09192907828631067,1269213.8800000001,1269213.8800000001,1
807,0.09100978750344756,1269213.8800000001,1269213.8800000001,1
808,0.09009968962841308,1269213.8800000001,1269213.8800000001,1
809,0.08919869273212895,1269213.8800000001,1269213.8800000001,1
810,0.08830670580480766,1269213.8800000001,1269213.8800000001,1
811,0.08742363874675958,1269213.8800000001,1269213.8800000001,1
812,0.08654940235929198,1269213.8800000001,1269213.8800000001,1
813,0.08568390833569907,1269213.8800000001,1269213.8800000001,1
814,0.08482706925234208,1269213.8800000001,1269213.8800000001,1
815,0.08397879855981866,1269213.8800000001,1269213.8800000001,1
816,0.08313901057422048,1269213.8800000001,1269213.8800000001,1
817,0.08230762046847827,1269213.8800000001,1269213.8800000001,1
818,0.08148454426379348,1269213.8800000001,1269213.8800000001,1
819,0.08066969882115554,1269213.8800000001,1269213.8800000001,1
820,0.079863001832944,1269213.8800000001,1269213.8800000001,1
821,0.07906437181461455,1269213.8800000001,1269213.8800000001,1
822,0.0782737280964684,1269213.8800000001,1269213.8800000001,1
823,0.07749099081550372,1269213.8800000001,1269213.8800000001,1
824,0.07671608090734867,1269213.8800000001,1269213.8800000001,1
825,0.07594892009827518,1269213.8800000001,1269213.8800000001,1
826,0.07518943089729244,1269213.8800000001,1269213.8800000001,1
827,0.07443753658831952,1269213.8800000001,1269213.8800000001,1
828,0.07369316122243633,1269213.8800000001,1269213.8800000001,1
829,0.07295622961021196,1269213.8800000001,1269213.8800000001,1
830,0.07222666731410984,1269213.8800000001,1269213.8800000001,1
831,0.07150440064096875,1269213.8800000001,1269213.8800000001,1
832,0.07078935663455906,1269213.8800000001,1269213.8800000001,1
833,0.07008146306821346,1269213.8800000001,1269213.8800000001,1
834,0.06938064843753132,1269213.8800000001,1269213.8800000001,1
835,0.06868684195315601,1269213.8800000001,1269213.8800000001,1
836,0.06799997353362446,1269213.8800000001,1269213.8800000001,1
837,0.0673199737982882,1269213.8800000001,1269213.8800000001,1
838,0.06664677406030532,1269213.8800000001,1269213.8800000001,1
839,0.06598030631970227,1269213.8800000001,1269213.8800000001,1
840,0.06532050325650525,1269213.8800000001,1269213.8800000001,1
841,0.0646672982239402,1269213.8800000001,1269213.8800000001,1
842,0.0640206252417008,1269213.8800000001,1269213.8800000001,1
843,0.06338041898928379,1269213.8800000001,1269213.8800000001,1
844,0.06274661479939095,1269213.8800000001,1269213.8800000001,1
845,0.06211914865139704,1269213.8800000001,1269213.8800000001,1
846,0.06149795716488307,1269213.8800000001,1269213.8800000001,1
847,0.06088297759323424,1269213.8800000001,1269213.8800000001,1
848,0.06027414781730189,1269213.8800000001,1269213.8800000001,1
849,0.059671406339128874,1269213.8800000001,1269213.8800000001,1
850,0.059074692275737584,1269213.8800000001,1269213.8800000001,1
851,0.05848394535298021,1269213.8800000001,1269213.8800000001,1
852,0.05789910589945041,1269213.8800000001,1269213.8800000001,1
853,0.057320114840455905,1269213.8800000001,1269213.8800000001,1
854,0.05674691369205134,1269213.8800000001,1269213.8800000001,1
855,0.05617944455513083,1269213.8800000001,1269213.8800000001,1
856,0.055617650109579524,1269213.8800000001,1269213.8800000001,1
857,0.05506147360848373,1269213.8800000001,1269213.8800000001,1
858,0.05451085887239889,1269213.8800000001,1269213.8800000001,1
859,0.0539657502836749,1269213.8800000001,1269213.8800000001,1
860,0.05342609278083815,1269213.8800000001,1269213.8800000001,1
861,0.05289183185302977,1269213.8800000001,1269213.8800000001,1
862,0.052362913534499476,1269213.8800000001,1269213.8800000001,1
863,0.05183928439915448,1269213.8800000001,1269213.8800000001,1
864,0.05132089155516294,1269213.8800000001,1269213.8800000001,1
865,0.05080768263961131,1269213.8800000001,1269213.8800000001,1
866,0.050299605813215194,1269213.8800000001,1269213.8800000001,1
867,0.04979660975508304,1269213.8800000001,1269213.8800000001,1
868,0.04929864365753221,1269213.8800000001,1269213.8800000001,1
869,0.04880565722095689,1269213.8800000001,1269213.8800000001,1
870,0.048317600648747315,1269213.8800000001,1269213.8800000001,1
871,0.04783442464225984,1269213.8800000001,1269213.8800000001,1
872,0.04735608039583725,1269213.8800000001,1269213.8800000001,1
873,0.04688251959187888,1269213.8800000001,1269213.8800000001,1
874,0.04641369439596009,1269213.8800000001,1269213.8800000001,1
875,0.04594955745200049,1269213.8800000001,1269213.8800000001,1
876,0.04549006187748048,1269213.8800000001,1269213.8800000001,1
877,0.04503516125870568,1269213.8800000001,1269213.8800000001,1
878,0.04458480964611862,1269213.8800000001,1269213.8800000001,1
879,0.044138961549657435,1269213.8800000001,1269213.8800000001,1
880,0.04369757193416086,1269213.8800000001,1269213.8800000001,1
881,0.04326059621481925,1269213.8800000001,1269213.8800000001,1
882,0.04282799025267106,1269213.8800000001,1269213.8800000001,1
883,0.04239971035014435,1269213.8800000001,1269213.8800000001,1
884,0.041975713246642905,1269213.8800000001,1269213.8800000001,1
885,0.04155595611417648,1269213.8800000001,1269213.8800000001,1
886,0.04114039655303471,1269213.8800000001,1269213.8800000001,1
887,0.04072899258750436,1269213.8800000001,1269213.8800000001,1
888,0.04032170266162932,1269213.8800000001,1269213.8800000001,1
889,0.039918485635013025,1269213.8800000001,1269213.8800000001,1
890,0.03951930077866289,1269213.8800000001,1269213.8800000001,1
891,0.039124107770876264,1269213.8800000001,1269213.8800000001,1
892,0.0387328666931675,1269213.8800000001,1269213.8800000001,1
893,0.038345538026235824,1269213.8800000001,1269213.8800000001,1
894,0.03796208264597346,1269213.8800000001,1269213.8800000001,1
895,0.037582461819513725,1269213.8800000001,1269213.8800000001,1
896,0.03720663720131859,1269213.8800000001,1269213.8800000001,1
897,0.0368345708293054,1269213.8800000001,1269213.8800000001,1
898,0.036466225121012344,1269213.8800000001,1269213.8800000001,1
899,0.03610156286980222,1268154.74,1268154.74,1
900,0.0357405472411042,1268154.74,1268154.74,1
901,0.03538314176869316,1268154.74,1268154.74,1
902,0.035029310351006225,1268154.74,1268154.74,1
903,0.03467901724749616,1268154.74,1268154.74,1
904,0.0343322270750212,1268154.74,1268154.74,1
905,0.033988904804270983,1268154.74,1268154.74,1
906,0.03364901575622827,1268154.74,1268154.74,1
907,0.03331252559866599,1268154.74,1268154.74,1
908,0.03297940034267933,1268154.74,1268154.74,1
909,0.032649606339252533,1268154.74,1268154.74,1
910,0.03232311027586001,1268154.74,1268154.74,1
911,0.03199987917310141,1268154.74,1268154.74,1
912,0.031679880381370394,1268154.74,1268154.74,1
913,0.03136308157755669,1268154.74,1268154.74,1
914,0.031049450761781124,1268154.74,1268154.74,1
915,0.030738956254163313,1268154.74,1268154.74,1
916,0.03043156669162168,1268154.74,1268154.74,1
917,0.030127251024705464,1268154.74,1268154.74,1
918,0.02982597851445841,1268154.74,1268154.74,1
919,0.029527718729313826,1268154.74,1268154.74,1
920,0.029232441542020687,1268154.74,1268154.74,1
921,0.028940117126600478,1268154.74,1268154.74,1
922,0.02865071595533447,1268154.74,1268154.74,1
923,0.028364208795781127,1268154.74,1268154.74,1
924,0.028080566707823315,1268154.74,1268154.74,1
925,0.02779976104074508,1268154.74,1268154.74,1
926,0.027521763430337628,1268154.74,1268154.74,1
927,0.027246545796034253,1268154.74,1268154.74,1
928,0.02697408033807391,1268154.74,1268154.74,1
929,0.026704339534693172,1268154.74,1268154.74,1
930,0.026437296139346242,1268154.74,1268154.74,1
931,0.026172923177952778,1268154.74,1268154.74,1
932,0.02591119394617325,1268154.74,1268154.74,1
933,0.025652082006711516,1268154.74,1268154.74,1
934,0.025395561186644402,1268154.74,1268154.74,1
935,0.02514160557477796,1268154.74,1268154.74,1
936,0.02489018951903018,1268154.74,1268154.74,1
937,0.024641287623839877,1268154.74,1268154.74,1
938,0.024394874747601478,1268154.74,1268154.74,1
939,0.024150926000125462,1268154.74,1268154.74,1
940,0.023909416740124208,1268154.74,1268154.74,1
941,0.023670322572722967,1268154.74,1268154.74,1
942,0.023433619346995737,1268154.74,1268154.74,1
943,0.02319928315352578,1268154.74,1268154.74,1
944,0.022967290321990522,1268154.74,1268154.74,1
945,0.022737617418770617,1268154.74,1268154.74,1
946,0.02251024124458291,1268154.74,1268154.74,1
947,0.02228513883213708,1268154.74,1268154.74,1
948,0.02206228744381571,1268154.74,1268154.74,1
949,0.021841664569377552,1268154.74,1268154.74,1
950,0.021623247923683777,1268154.74,1268154.74,1
951,0.02140701544444694,1268154.74,1268154.74,1
952,0.02119294529000247,1268154.74,1268154.74,1
953,0.020981015837102445,1268154.74,1268154.74,1
954,0.02077120567873142,1268154.74,1268154.74,1
955,0.020563493621944106,1268154.74,1268154.74,1
956,0.020357858685724664,1268154.74,1268154.74,1
957,0.020154280098867418,1268154.74,1268154.74,1
958,0.019952737297878744,1268154.74,1268154.74,1
959,0.019753209924899956,1268154.74,1268154.74,1
960,0.019555677825650958,1268154.74,1268154.74,1
961,0.019360121047394447,1268154.74,1268154.74,1
962,0.0191665198369205,1268154.74,1268154.74,1
963,0.018974854638551298,1268154.74,1268154.74,1
964,0.018785106092165785,1268154.74,1268154.74,1
965,0.018597255031244125,1268154.74,1268154.74,1
966,0.018411282480931684,1268154.74,1268154.74,1
967,0.018227169656122366,1268154.74,1268154.74,1
968,0.018044897959561143,1268154.74,1268154.74,1
969,0.01786444897996553,1268154.74,1268154.74,1
970,0.017685804490165876,1268154.74,1268154.74,1
971,0.01750894644526422,1268154.74,1268154.74,1
972,0.017333856980811576,1268154.74,1268154.74,1
973,0.01716051841100346,1268154.74,1268154.74,1
974,0.016988913226893426,1268154.74,1268154.74,1
975,0.01681902409462449,1268154.74,1268154.74,1
976,0.016650833853678246,1268154.74,1268154.74,1
977,0.016484325515141465,1268154.74,1268154.74,1
978,0.01631948225999005,1268154.74,1268154.74,1
979,0.01615628743739015,1268154.74,1268154.74,1
980,0.01599472456301625,1268154.74,1268154.74,1
981,0.015834777317386087,1268154.74,1268154.74,1
982,0.015676429544212226,1268154.74,1268154.74,1
983,0.015519665248770104,1268154.74,1268154.74,1
984,0.015364468596282403,1268154.74,1268154.74,1
985,0.015210823910319578,1268154.74,1268154.74,1
986,0.015058715671216383,1268154.74,1268154.74,1
987,0.014908128514504218,1268154.74,1268154.74,1
988,0.014759047229359177,1268154.74,1268154.74,1
989,0.014611456757065584,1268154.74,1268154.74,1
990,0.014465342189494928,1268154.74,1268154.74,1
991,0.014320688767599978,1268154.74,1268154.74,1
992,0.014177481879923978,1268154.74,1268154.74,1
993,0.014035707061124739,1268154.74,1268154.74,1
994,0.013895349990513492,1268154.74,1268154.74,1
995,0.013756396490608357,1268154.74,1268154.74,1
996,0.013618832525702272,1268154.74,1268154.74,1
997,0.01348264420044525,1268154.74,1268154.74,1
998,0.013347817758440796,1268154.74,1268154.74,1
999,0.013214339580856388,1268154.74,1268154.74,1
1000,0.013082196185047823,1268154.74,1268154.74,1
1001,0.012951374223197344,1268154.74,1268154.74,1
1002,0.01282186048096537,1268154.74,1268154.74,1
1003,0.012693641876155718,1268154.74,1268154.74,1
1004,0.01256670545739416,1268154.74,1268154.74,1
1005,0.012441038402820218,1268154.74,1268154.74,1
1006,0.012316628018792016,1268154.74,1268154.74,1
1007,0.012193461738604095,1268154.74,1268154.74,1
1008,0.012071527121218055,1268154.74,1268154.74,1
1009,0.011950811850005875,1268154.74,1268154.74,1
1010,0.011831303731505816,1268154.74,1268154.74,1
1011,0.011712990694190756,1268154.74,1268154.74,1
1012,0.011595860787248849,1268154.74,1268154.74,1
1013,0.011479902179376361,1268154.74,1268154.74,1
1014,0.011365103157582598,1268154.74,1268154.74,1
1015,0.011251452126006771,1268154.74,1268154.74,1
1016,0.011138937604746704,1268154.74,1268154.74,1
1017,0.011027548228699236,1268154.74,1268154.74,1
1018,0.010917272746412243,1268154.74,1268154.74,1
1019,0.01080810001894812,1268154.74,1268154.74,1
1020,0.010700019018758639,1268154.74,1268154.74,1
1021,0.010593018828571053,1268154.74,1268154.74,1
1022,0.010487088640285342,1268154.74,1268154.74,1
1023,0.010382217753882489,1268154.74,1268154.74,1
1024,0.010278395576343663,1268154.74,1268154.74,1
1025,0.010175611620580225,1268154.74,1268154.74,1
1026,0.010073855504374424,1268154.74,1268154.74,1
1027,0.009973116949330679,1268154.74,1268154.74,1
1028,0.009873385779837372,1268154.74,1268154.74,1
1029,0.009774651922038998,1268154.74,1268154.74,1
1030,0.009676905402818608,1268154.74,1268154.74,1
1031,0.009580136348790421,1268154.74,1268154.74,1
1032,0.009484334985302517,1268154.74,1268154.74,1
1033,0.009389491635449491,1268154.74,1268154.74,1
1034,0.009295596719094997,1268154.74,1268154.74,1
1035,0.009202640751904047,1268154.74,1268154.74,1
1036,0.009110614344385006,1268154.74,1268154.74,1
1037,0.009019508200941157,1268154.74,1268154.74,1
1038,0.008929313118931746,1268154.74,1268154.74,1
1039,0.008840019987742429,1268154.74,1268154.74,1
1040,0.008751619787865005,1268154.74,1268154.74,1
1041,0.008664103589986354,1268154.74,1268154.74,1
1042,0.008577462554086491,1268154.74,1268154.74,1
1043,0.008491687928545627,1268154.74,1268154.74,1
1044,0.008406771049260171,1268154.74,1268154.74,1
1045,0.008322703338767569,1268154.74,1268154.74,1
1046,0.008239476305379892,1268154.74,1268154.74,1
1047,0.008157081542326094,1268154.74,1268154.74,1
1048,0.008075510726902832,1268154.74,1268154.74,1
1049,0.007994755619633804,1268154.74,1268154.74,1
1050,0.007914808063437466,1268154.74,1268154.74,1
1051,0.00783565998280309,1268154.74,1268154.74,1
1052,0.00775730338297506,1268154.74,1268154.74,1
1053,0.007679730349145309,1268154.74,1268154.74,1
1054,0.007602933045653856,1268154.74,1268154.74,1
1055,0.007526903715197317,1268154.74,1268154.74,1
1056,0.007451634678045343,1268154.74,1268154.74,1
1057,0.00737711833126489,1268154.74,1268154.74,1
1058,0.007303347147952241,1268154.74,1268154.74,1
1059,0.0072303136764727185,1268154.74,1268154.74,1
1060,0.007158010539707991,1268154.74,1268154.74,1
1061,0.007086430434310911,1268154.74,1268154.74,1
1062,0.007015566129967802,1268154.74,1268154.74,1
1063,0.006945410468668124,1268154.74,1268154.74,1
1064,0.006875956363981443,1268154.74,1268154.74,1
1065,0.006807196800341629,1268154.74,1268154.74,1
1066,0.006739124832338212,1268154.74,1268154.74,1
1067,0.00667173358401483,1268154.74,1268154.74,1
1068,0.006605016248174682,1268154.74,1268154.74,1
1069,0.006538966085692936,1268154.74,1268154.74,1
1070,0.006473576424836006,1268154.74,1268154.74,1
1071,0.006408840660587646,1268154.74,1268154.74,1
1072,0.006344752253981769,1268154.74,1268154.74,1
1073,0.006281304731441951,1268154.74,1268154.74,1
1074,0.006218491684127531,1268154.74,1268154.74,1
1075,0.006156306767286256,1268154.74,1268154.74,1
1076,0.006094743699613393,1268154.74,1268154.74,1
1077,0.006033796262617259,1268154.74,1268154.74,1
1078,0.005973458299991086,1268154.74,1268154.74,1
1079,0.005913723716991175,1268154.74,1268154.74,1
1080,0.005854586479821263,1268154.74,1268154.74,1
1081,0.00579604061502305,1268154.74,1268154.74,1
1082,0.00573808020887282,1268154.74,1268154.74,1
1083,0.005680699406784092,1268154.74,1268154.74,1
1084,0.005623892412716251,1268154.74,1268154.74,1
1085,0.005567653488589088,1268154.74,1268154.74,1
1086,0.005511976953703197,1268154.74,1268154.74,1
1087,0.005456857184166165,1268154.74,1268154.74,1
1088,0.0054022886123245035,1268154.74,1268154.74,1
1089,0.0053482657262012585,1268154.74,1268154.74,1
1090,0.005294783068939246,1268154.74,1268154.74,1
1091,0.005241835238249853,1268154.74,1268154.74,1
1092,0.005189416885867355,1268154.74,1268154.74,1
1093,0.005137522717008681,1268154.74,1268154.74,1
1094,0.005086147489838594,1268154.74,1268154.74,1
1095,0.005035286014940208,1268154.74,1268154.74,1
1096,0.004984933154790806,1268154.74,1268154.74,1
1097,0.004935083823242897,1268154.74,1268154.74,1
1098,0.004885732985010468,1268154.74,1268154.74,1
1099,0.0048368756551603635,1268154.74,1268154.74,1
1100,0.00478850689860876,1268154.74,1268154.74,1
1101,0.004740621829622672,1268154.74,1268154.74,1
1102,0.004693215611326446,1257351.54,1257351.54,1
1103,0.004646283455213182,1257351.54,1257351.54,1
1104,0.00459982062066105,1257351.54,1257351.54,1
1105,0.004553822414454439,1257351.54,1257351.54,1
1106,0.004508284190309895,1257351.54,1257351.54,1
1107,0.0044632013484067964,1257351.54,1257351.54,1
1108,0.004418569334922728,1257351.54,1257351.54,1
1109,0.004374383641573501,1257351.54,1257351.54,1
1110,0.004330639805157766,1257351.54,1257351.54,1
1111,0.004287333407106188,1257351.54,1257351.54,1
1112,0.004244460073035126,1257351.54,1257351.54,1
1113,0.004202015472304775,1257351.54,1257351.54,1
1114,0.004159995317581727,1257351.54,1257351.54,1
1115,0.0041183953644059095,1257351.54,1257351.54,1
1116,0.004077211410761851,1257351.54,1257351.54,1
1117,0.004036439296654232,1257351.54,1257351.54,1
1118,0.003996074903687689,1257351.54,1257351.54,1
1119,0.003956114154650812,1257351.54,1257351.54,1
1120,0.003916553013104304,1257351.54,1257351.54,1
1121,0.0038773874829732607,1257351.54,1257351.54,1
1122,0.003838613608143528,1257351.54,1257351.54,1
1123,0.0038002274720620927,1257351.54,1257351.54,1
1124,0.003762225197341472,1257351.54,1257351.54,1
1125,0.003724602945368057,1257351.54,1257351.54,1
1126,0.003687356915914376,1257351.54,1257351.54,1
1127,0.0036504833467552325,1257351.54,1257351.54,1
1128,0.00361397851328768,1257351.54,1257351.54,1
1129,0.0035778387281548032,1257351.54,1257351.54,1
1130,0.003542060340873255,1257351.54,1257351.54,1
1131,0.0035066397374645224,1257351.54,1257351.54,1
1132,0.003471573340089877,1257351.54,1257351.54,1
1133,0.0034368576066889783,1257351.54,1257351.54,1
1134,0.0034024890306220885,1257351.54,1257351.54,1
1135,0.0033684641403158677,1257351.54,1257351.54,1
1136,0.003334779498912709,1257351.54,1257351.54,1
1137,0.003301431703923582,1257351.54,1257351.54,1
1138,0.0032684173868843458,1257351.54,1257351.54,1
1139,0.003235733213015502,1257351.54,1257351.54,1
1140,0.003203375880885347,1257351.54,1257351.54,1
1141,0.0031713421220764936,1257351.54,1257351.54,1
1142,0.0031396287008557287,1257351.54,1257351.54,1
1143,0.003108232413847171,1257351.54,1257351.54,1
1144,0.0030771500897086995,1257351.54,1257351.54,1
1145,0.0030463785888116125,1257351.54,1257351.54,1
1146,0.0030159148029234965,1257351.54,1257351.54,1
1147,0.0029857556548942617,1257351.54,1257351.54,1
1148,0.002955898098345319,1257351.54,1257351.54,1
1149,0.002926339117361866,1257351.54,1257351.54,1
1150,0.0028970757261882474,1257351.54,1257351.54,1
1151,0.0028681049689263647,1257351.54,1257351.54,1
1152,0.002839423919237101,1257351.54,1257351.54,1
1153,0.00281102968004473,1257351.54,1257351.54,1
1154,0.0027829193832442827,1257351.54,1257351.54,1
1155,0.00275509018941184,1257351.54,1257351.54,1
1156,0.0027275392875177216,1257351.54,1257351.54,1
1157,0.0027002638946425446,1257351.54,1257351.54,1
1158,0.002673261255696119,1257351.54,1257351.54,1
1159,0.002646528643139158,1257351.54,1257351.54,1
1160,0.0026200633567077664,1257351.54,1257351.54,1
1161,0.0025938627231406886,1257351.54,1257351.54,1
1162,0.0025679240959092815,1257351.54,1257351.54,1
1163,0.0025422448549501887,1257351.54,1257351.54,1
1164,0.0025168224064006867,1257351.54,1257351.54,1
1165,0.00249165418233668,1257351.54,1257351.54,1
1166,0.002466737640513313,1257351.54,1257351.54,1
1167,0.00244207026410818,1257351.54,1257351.54,1
1168,0.002417649561467098,1257351.54,1257351.54,1
1169,0.002393473065852427,1257351.54,1257351.54,1
1170,0.0023695383351939026,1257351.54,1257351.54,1
1171,0.0023458429518419636,1257351.54,1257351.54,1
1172,0.002322384522323544,1257351.54,1257351.54,1
1173,0.0022991606771003087,1257351.54,1257351.54,1
1174,0.0022761690703293055,1257351.54,1257351.54,1
1175,0.0022534073796260123,1257351.54,1257351.54,1
1176,0.002230873305829752,1257351.54,1257351.54,1
1177,0.0022085645727714545,1257351.54,1257351.54,1
1178,0.00218647892704374,1257351.54,1257351.54,1
1179,0.0021646141377733023,1257351.54,1257351.54,1
1180,0.0021429679963955693,1257351.54,1257351.54,1
1181,0.0021215383164316136,1257351.54,1257351.54,1
1182,0.0021003229332672976,1257351.54,1257351.54,1
1183,0.0020793197039346246,1257351.54,1257351.54,1
1184,0.0020585265068952785,1257351.54,1257351.54,1
1185,0.0020379412418263256,1257351.54,1257351.54,1
1186,0.0020175618294080624,1257351.54,1257351.54,1
1187,0.0019973862111139816,1257351.54,1257351.54,1
1188,0.001977412349002842,1257351.54,1257351.54,1
1189,0.0019576382255128135,1257351.54,1257351.54,1
1190,0.0019380618432576853,1257351.54,1257351.54,1
1191,0.0019186812248251084,1255127.24,1255127.24,1
1192,0.0018994944125768573,1255127.24,1255127.24,1
1193,0.0018804994684510888,1255127.24,1255127.24,1
1194,0.001861694473766578,1255127.24,1255127.24,1
1195,0.001843077529028912,1255127.24,1255127.24,1
1196,0.001824646753738623,1255127.24,1255127.24,1
1197,0.0018064002862012369,1255127.24,1255127.24,1
1198,0.0017883362833392244,1255127.24,1255127.24,1
1199,0.0017704529205058322,1255127.24,1255127.24,1
1200,0.0017527483913007738,1255127.24,1255127.24,1
1201,0.001735220907387766,1255127.24,1255127.24,1
1202,0.0017178686983138883,1255127.24,1255127.24,1
1203,0.0017006900113307494,1255127.24,1255127.24,1
1204,0.001683683111217442,1255127.24,1255127.24,1
1205,0.0016668462801052676,1255127.24,1255127.24,1
1206,0.0016501778173042148,1255127.24,1255127.24,1
1207,0.0016336760391311726,1255127.24,1255127.24,1
1208,0.0016173392787398608,1255127.24,1255127.24,1
1209,0.001601165885952462,1255127.24,1255127.24,1
1210,0.0015851542270929374,1255127.24,1255127.24,1
1211,0.001569302684822008,1255127.24,1255127.24,1
1212,0.001553609657973788,1255127.24,1255127.24,1
1213,0.00153807356139405,1255127.24,1255127.24,1
1214,0.0015226928257801094,1255127.24,1255127.24,1
1215,0.0015074658975223084,1255127.24,1255127.24,1
1216,0.0014923912385470853,1255127.24,1255127.24,1
1217,0.0014774673261616145,1255127.24,1255127.24,1
1218,0.0014626926528999984,1255127.24,1255127.24,1
1219,0.0014480657263709984,1255127.24,1255127.24,1
1220,0.0014335850691072885,1255127.24,1255127.24,1
1221,0.0014192492184162157,1255127.24,1255127.24,1
1222,0.0014050567262320535,1255127.24,1255127.24,1
1223,0.001391006158969733,1255127.24,1255127.24,1
1224,0.0013770960973800356,1255127.24,1255127.24,1
1225,0.0013633251364062353,1255127.24,1255127.24,1
1226,0.0013496918850421729,1255127.24,1255127.24,1
1227,0.0013361949661917511,1255127.24,1255127.24,1
1228,0.0013228330165298335,1255127.24,1255127.24,1
1229,0.001309604686364535,1255127.24,1255127.24,1
1230,0.0012965086395008898,1255127.24,1255127.24,1
1231,0.0012835435531058808,1255127.24,1255127.24,1
1232,0.001270708117574822,1255127.24,1255127.24,1
1233,0.0012580010363990738,1255127.24,1255127.24,1
1234,0.001245421026035083,1255127.24,1255127.24,1
1235,0.001232966815774732,1255127.24,1255127.24,1
1236,0.0012206371476169847,1255127.24,1255127.24,1
1237,0.001208430776140815,1255127.24,1255127.24,1
1238,0.0011963464683794067,1255127.24,1255127.24,1
1239,0.0011843830036956126,1255127.24,1255127.24,1
1240,0.0011725391736586565,1255127.24,1255127.24,1
1241,0.00116081378192207,1255127.24,1255127.24,1
1242,0.0011492056441028493,1255127.24,1255127.24,1
1243,0.0011377135876618207,1255127.24,1255127.24,1
1244,0.0011263364517852025,1255127.24,1255127.24,1
1245,0.0011150730872673505,1255127.24,1255127.24,1
1246,0.001103922356394677,1255127.24,1255127.24,1
1247,0.0010928831328307301,1255127.24,1255127.24,1
1248,0.0010819543015024228,1255127.24,1255127.24,1
1249,0.0010711347584873986,1255127.24,1255127.24,1
1250,0.0010604234109025247,1255127.24,1255127.24,1
1251,0.0010498191767934993,1255127.24,1255127.24,1
1252,0.0010393209850255644,1255127.24,1255127.24,1
1253,0.0010289277751753087,1255127.24,1255127.24,1
1254,0.0010186384974235556,1255127.24,1255127.24,1
1255,0.00100845211244932,1255127.24,1255127.24,1
